,X,Y,month,day,FFMC,ISI,temp,RH,wind,area
0,7,5,3,4,86.2,5.1,8.2,51,6.7,0.0
1,7,4,10,1,90.6,6.7,18.0,33,0.9,0.0
2,7,4,10,5,90.6,6.7,14.6,33,1.3,0.0
3,8,6,3,4,91.7,9.0,8.3,97,4.0,0.0
4,8,6,3,6,89.3,9.6,11.4,99,1.8,0.0
5,8,6,8,6,92.3,14.7,22.2,29,5.4,0.0
6,8,6,8,0,92.3,8.5,24.1,27,3.1,0.0
7,8,6,8,0,91.5,10.7,8.0,86,2.2,0.0
8,8,6,9,1,91.0,7.0,13.1,63,5.4,0.0
9,7,5,9,5,92.5,7.1,22.8,40,4.0,0.0
10,7,5,9,5,92.5,7.1,17.8,51,7.2,0.0
11,7,5,9,5,92.8,22.6,19.3,38,4.0,0.0
12,6,5,8,4,63.5,0.8,17.0,72,6.7,0.0
13,6,5,9,0,90.9,7.0,21.3,42,2.2,0.0
14,6,5,9,2,92.9,9.2,26.4,21,4.5,0.0
15,6,5,9,4,93.3,13.9,22.9,44,5.4,0.0
16,5,5,3,5,91.7,7.8,15.1,27,5.4,0.0
17,8,5,10,0,84.9,3.0,16.7,47,4.9,0.0
18,6,4,3,2,89.2,6.3,15.9,35,4.0,0.0
19,6,4,4,5,86.3,5.1,9.3,44,4.5,0.0
20,6,4,9,1,91.0,7.0,18.3,40,2.7,0.0
21,5,4,9,0,91.8,9.2,19.1,38,2.7,0.0
22,7,4,6,6,94.3,56.1,21.0,44,4.5,0.0
23,7,4,8,5,90.2,6.2,19.5,43,5.8,0.0
24,7,4,8,5,93.5,20.3,23.7,32,5.8,0.0
25,7,4,8,6,91.4,10.6,16.3,60,5.4,0.0
26,7,4,9,4,92.4,12.2,19.0,34,5.8,0.0
27,7,4,9,0,90.9,7.0,19.4,48,1.3,0.0
28,6,3,9,5,93.4,8.1,30.2,24,2.7,0.0
29,6,3,9,6,93.5,8.1,22.8,39,3.6,0.0
30,6,3,9,4,94.3,15.9,25.4,24,3.6,0.0
31,6,3,9,0,88.6,7.1,11.2,78,7.6,0.0
32,6,3,9,4,88.6,5.8,20.6,37,1.8,0.0
33,6,3,9,6,91.7,7.8,17.7,39,3.6,0.0
34,6,3,9,0,91.8,9.2,21.2,32,2.7,0.0
35,6,3,9,1,90.3,6.3,18.2,62,4.5,0.0
36,6,3,10,1,90.6,6.7,21.7,24,4.5,0.0
37,7,4,10,4,90.0,8.7,11.3,60,5.4,0.0
38,7,3,10,5,90.6,6.7,17.8,27,4.0,0.0
39,4,4,3,1,88.1,3.8,14.1,43,2.7,0.0
40,4,4,7,1,79.5,1.5,23.3,37,3.1,0.0
41,4,4,8,5,90.2,8.9,18.4,42,6.7,0.0
42,4,4,8,1,94.8,17.0,16.6,54,5.4,0.0
43,4,4,9,5,92.5,7.1,19.6,48,2.7,0.0
44,4,4,9,2,90.1,6.2,12.9,74,4.9,0.0
45,5,6,9,2,94.3,15.9,25.9,24,4.0,0.0
46,5,6,9,0,90.9,7.0,14.7,70,3.6,0.0
47,6,6,7,0,94.2,11.0,23.0,36,3.1,0.0
48,4,4,3,0,87.2,4.1,11.8,35,1.8,0.0
49,4,4,3,0,87.6,5.0,11.0,46,5.8,0.0
50,4,4,9,3,92.9,9.2,20.8,17,1.3,0.0
51,4,3,8,6,90.2,6.3,21.5,34,2.2,0.0
52,4,3,8,2,92.1,9.6,20.4,42,4.9,0.0
53,4,3,8,2,92.1,9.6,20.4,42,4.9,0.0
54,4,3,8,3,91.7,6.3,17.6,45,3.6,0.0
55,4,3,9,3,92.9,9.2,27.7,24,2.2,0.0
56,4,3,9,1,90.3,6.3,17.8,63,4.9,0.0
57,4,3,10,6,92.6,8.8,13.8,50,2.7,0.0
58,2,2,2,0,84.0,2.1,13.9,40,5.4,0.0
59,2,2,2,4,86.6,5.3,12.3,51,0.9,0.0
60,2,2,3,6,89.3,9.6,11.5,39,5.8,0.0
61,2,2,3,6,89.3,9.6,5.5,59,6.3,0.0
62,2,2,8,3,93.0,7.7,18.8,35,4.9,0.0
63,2,2,8,6,90.2,6.3,20.8,33,2.7,0.0
64,2,2,8,0,91.1,5.8,23.1,31,3.1,0.0
65,2,2,8,3,91.7,6.3,18.6,44,4.5,0.0
66,2,2,9,4,92.4,12.2,23.0,37,4.5,0.0
67,2,2,9,4,92.4,12.2,19.6,33,5.4,0.0
68,2,2,9,4,92.4,12.2,19.6,33,6.3,0.0
69,4,5,3,4,91.7,9.0,17.2,26,4.5,0.0
70,4,5,3,4,91.2,12.5,15.8,27,7.6,0.0
71,4,5,9,4,94.3,15.9,17.7,37,3.6,0.0
72,5,4,3,4,91.7,9.0,15.6,25,6.3,0.0
73,5,4,8,1,88.8,9.0,17.3,43,4.5,0.0
74,5,4,9,4,93.3,13.9,27.6,30,1.3,0.0
75,9,9,2,3,84.2,7.7,6.7,79,3.1,0.0
76,9,9,2,4,86.6,5.3,15.7,43,3.1,0.0
77,1,3,3,0,87.6,5.0,8.3,72,3.1,0.0
78,1,2,8,4,90.1,12.5,14.7,66,2.7,0.0
79,1,2,8,1,91.0,7.0,21.6,19,6.7,0.0
80,1,2,8,6,91.4,10.6,19.5,39,6.3,0.0
81,1,2,8,6,90.2,6.3,17.9,44,2.2,0.0
82,1,2,8,1,94.8,17.0,18.6,51,4.5,0.0
83,1,2,8,2,92.1,9.6,16.6,47,0.9,0.0
84,1,2,8,3,91.7,6.3,20.2,45,3.6,0.0
85,1,2,9,3,92.9,9.2,21.5,15,0.9,0.0
86,1,2,9,3,92.9,9.2,25.4,27,2.2,0.0
87,1,2,9,3,92.9,9.2,22.4,34,2.2,0.0
88,1,2,9,6,93.5,8.1,25.3,36,3.6,0.0
89,6,5,3,5,91.7,7.8,17.4,25,4.9,0.0
90,6,5,8,5,90.2,8.9,14.7,59,5.8,0.0
91,8,6,3,4,91.7,7.8,17.4,24,5.4,0.0
92,8,6,8,6,92.3,14.7,20.8,32,6.3,0.0
93,8,6,8,6,91.4,10.6,18.2,43,4.9,0.0
94,8,6,8,0,91.1,5.8,23.4,22,2.7,0.0
95,4,4,9,6,89.7,4.8,17.8,64,1.3,0.0
96,3,4,2,5,83.9,2.6,12.7,48,1.8,0.0
97,3,4,3,5,69.0,0.7,17.4,24,5.4,0.0
98,3,4,8,6,91.4,10.6,11.6,87,4.5,0.0
99,3,4,8,6,91.4,10.6,19.8,39,5.4,0.0
100,3,4,8,6,91.4,10.6,19.8,39,5.4,0.0
101,3,4,8,1,88.8,9.0,14.4,66,5.4,0.0
102,2,4,8,1,94.8,17.0,20.1,40,4.0,0.0
103,2,4,9,5,92.5,8.6,24.1,29,4.5,0.0
104,2,4,1,5,82.1,2.9,5.3,78,3.1,0.0
105,4,5,3,4,85.9,2.8,12.7,52,6.3,0.0
106,4,5,3,3,91.4,7.5,18.2,29,3.1,0.0
107,4,5,8,6,90.2,6.3,21.4,33,3.1,0.0
108,4,5,9,5,92.5,7.1,20.3,45,3.1,0.0
109,4,5,9,0,88.6,7.1,17.4,56,5.4,0.0
110,4,4,3,4,85.9,2.8,13.7,43,5.8,0.0
111,3,4,3,4,91.7,9.0,18.8,18,4.5,0.0
112,3,4,9,6,89.7,4.8,22.8,39,3.6,0.0
113,3,4,9,0,91.8,9.2,18.9,35,2.7,0.0
114,3,4,3,1,88.1,3.8,15.8,27,7.6,0.0
115,3,5,3,1,88.1,3.8,15.5,27,6.3,0.0
116,3,4,3,5,91.7,7.8,11.6,30,6.3,0.0
117,3,4,3,5,91.7,7.8,15.2,27,4.9,0.0
118,3,4,3,0,90.1,6.2,10.6,30,4.0,0.0
119,3,4,8,3,93.0,7.7,19.6,36,3.1,0.0
120,3,4,8,0,91.5,10.7,10.3,74,2.2,0.0
121,3,4,8,0,91.5,10.7,17.1,43,5.4,0.0
122,3,4,9,6,92.4,8.5,22.5,42,5.4,0.0
123,3,4,9,1,84.4,3.2,17.9,45,3.1,0.0
124,3,4,9,4,94.3,15.9,19.8,50,5.4,0.0
125,3,4,10,6,92.6,8.8,20.6,24,5.4,0.0
126,3,5,3,0,87.6,5.0,9.0,49,2.2,0.0
127,3,5,9,4,93.5,8.1,17.2,43,3.1,0.0
128,3,5,10,2,91.4,5.2,15.9,46,3.6,0.0
129,2,5,10,6,92.6,8.8,15.4,35,0.9,0.0
130,4,6,2,5,68.2,0.8,15.4,40,2.7,0.0
131,4,6,3,0,87.2,4.1,14.0,39,3.1,0.0
132,4,6,3,6,89.3,9.6,10.6,46,4.9,0.0
133,4,6,9,3,93.7,17.9,17.6,42,3.1,0.0
134,3,5,3,1,88.1,3.8,14.9,38,2.7,0.0
135,3,5,8,5,93.5,20.3,17.6,52,5.8,0.0
136,3,6,9,6,92.4,8.5,17.2,58,1.3,0.0
137,3,6,9,0,90.9,7.0,15.6,66,3.1,0.0
138,9,9,7,1,85.8,3.9,18.0,42,2.7,0.36
139,1,4,9,1,91.0,7.0,21.7,38,2.2,0.43
140,2,5,9,0,90.9,7.0,21.9,39,1.8,0.47
141,1,2,8,2,95.5,13.2,23.3,31,4.5,0.55
142,8,6,8,4,90.1,12.5,21.2,51,8.9,0.61
143,1,2,7,5,90.0,8.7,16.6,53,5.4,0.71
144,2,5,8,2,95.5,13.2,23.8,32,5.4,0.77
145,6,5,8,3,95.2,10.4,27.4,22,4.0,0.9
146,5,4,3,0,90.1,6.2,13.2,40,5.4,0.95
147,8,3,9,1,84.4,3.2,24.2,28,3.6,0.96
148,2,2,8,1,94.8,17.0,17.4,43,6.7,1.07
149,8,6,9,3,93.7,17.9,23.7,25,4.5,1.12
150,6,5,6,4,92.5,7.1,23.2,39,5.4,1.19
151,9,9,7,6,90.1,7.2,24.8,29,2.2,1.36
152,3,4,7,5,90.1,6.2,24.6,43,1.8,1.43
153,5,4,9,4,94.3,15.9,20.1,47,4.9,1.46
154,1,5,9,5,93.4,8.1,29.6,27,2.7,1.46
155,7,4,8,6,94.8,17.0,16.4,47,1.3,1.56
156,2,4,9,5,93.4,8.1,28.6,27,2.2,1.61
157,2,2,8,2,92.1,9.6,18.4,45,3.6,1.63
158,2,4,8,2,92.1,9.6,20.5,35,4.0,1.64
159,7,4,9,4,92.4,12.2,19.0,34,5.8,1.69
160,7,4,3,0,90.1,6.2,16.1,29,3.1,1.75
161,6,4,8,3,95.2,10.4,20.3,41,4.0,1.9
162,6,3,3,5,90.6,7.8,15.2,31,8.5,1.94
163,8,6,9,5,92.5,8.6,17.8,56,1.8,1.95
164,8,5,9,6,89.7,4.8,17.8,67,2.2,2.01
165,6,5,3,3,84.9,3.0,5.3,70,4.5,2.14
166,6,5,8,2,92.1,9.6,16.6,47,0.9,2.29
167,6,5,8,2,96.0,16.5,23.4,33,4.5,2.51
168,6,5,3,4,91.2,12.5,14.6,26,9.4,2.53
169,8,6,8,3,95.2,10.4,20.7,45,2.2,2.55
170,5,4,9,2,92.9,9.2,21.9,35,1.8,2.57
171,8,6,8,2,85.6,6.6,17.4,50,4.0,2.69
172,7,4,8,6,91.4,10.6,20.1,39,5.4,2.74
173,4,4,9,0,90.9,7.0,17.7,39,2.2,3.07
174,1,4,8,5,90.2,8.9,14.2,53,1.8,3.5
175,1,4,8,5,90.2,8.9,20.3,39,4.9,4.53
176,6,5,4,3,81.5,2.7,5.8,54,5.8,4.61
177,2,5,8,6,90.2,6.3,19.2,44,2.7,4.69
178,2,5,9,2,90.1,6.2,18.3,45,2.2,4.88
179,8,6,8,1,88.8,9.0,14.4,66,5.4,5.23
180,1,3,9,6,92.4,8.5,23.9,32,6.7,5.33
181,8,6,10,0,84.9,3.0,19.1,32,4.0,5.44
182,5,4,2,6,86.8,3.9,12.4,53,2.2,6.38
183,7,4,10,0,91.7,11.1,16.8,45,4.5,6.83
184,8,6,8,4,93.9,15.1,20.8,34,4.9,6.96
185,2,5,9,1,91.0,7.0,17.6,46,3.1,7.04
186,8,6,3,6,89.3,9.6,11.5,39,5.8,7.19
187,1,5,9,0,90.9,7.0,21.0,42,2.2,7.3
188,6,4,3,5,90.8,7.9,13.3,42,0.9,7.4
189,7,4,3,6,90.7,5.5,11.5,60,4.0,8.24
190,6,5,3,4,91.2,12.5,11.7,33,4.0,8.31
191,2,5,8,3,95.2,10.4,24.2,28,2.7,8.68
192,2,2,8,1,94.8,17.0,24.6,22,4.5,8.71
193,4,5,9,2,92.9,9.2,24.3,25,4.0,9.41
194,2,2,8,1,94.8,17.0,24.6,22,4.5,10.01
195,2,5,8,4,93.9,15.1,23.5,36,5.4,10.02
196,6,5,4,3,81.5,2.7,5.8,54,5.8,10.93
197,4,5,9,3,92.9,9.2,21.5,15,0.9,11.06
198,3,4,9,1,91.0,7.0,13.9,59,6.3,11.24
199,2,4,9,0,63.5,0.8,22.6,38,3.6,11.32
200,1,5,9,1,91.0,7.0,21.6,33,2.2,11.53
201,6,5,3,6,90.1,7.2,12.4,54,3.6,12.1
202,7,4,2,6,83.9,2.1,8.8,68,2.2,13.05
203,8,6,10,2,91.4,5.2,20.2,37,2.7,13.7
204,5,6,3,5,90.6,7.8,15.1,64,4.0,13.99
205,4,5,9,3,92.9,9.2,22.1,34,1.8,14.57
206,2,2,8,5,93.5,20.3,22.9,31,7.2,15.45
207,7,5,9,1,91.0,7.0,20.7,37,2.2,17.2
208,6,5,9,4,92.4,12.2,19.6,33,6.3,19.23
209,8,3,9,3,93.7,17.9,23.2,26,4.9,23.41
210,4,4,10,5,90.6,6.7,18.4,25,3.1,24.23
211,7,4,8,5,93.5,20.3,5.1,96,5.8,26.0
212,7,4,9,4,94.3,15.9,20.1,47,4.9,26.13
213,7,3,3,0,87.6,5.0,11.0,46,5.8,27.35
214,4,4,3,5,91.7,7.8,17.0,27,4.9,28.66
215,4,4,3,5,91.7,7.8,17.0,27,4.9,28.66
216,4,4,9,6,92.4,8.5,16.9,60,1.3,29.48
217,1,3,9,0,88.6,7.1,12.4,73,6.3,30.32
218,4,5,9,2,92.9,9.2,19.4,19,1.3,31.72
219,6,5,3,0,90.1,6.2,15.2,27,3.1,31.86
220,8,6,8,6,90.2,6.3,16.2,59,3.1,32.07
221,3,4,9,4,93.3,13.9,18.6,49,3.6,35.88
222,4,3,3,0,87.6,5.0,11.0,46,5.8,36.85
223,2,2,7,4,88.3,6.8,13.4,79,3.6,37.02
224,7,4,9,2,90.1,6.2,15.4,57,4.5,37.71
225,4,4,9,6,93.5,8.1,22.9,39,4.9,48.55
226,7,5,10,0,91.7,11.1,16.1,44,4.0,49.37
227,8,6,8,5,92.2,11.9,20.1,34,4.5,58.3
228,4,6,9,6,93.5,8.1,28.3,26,3.1,64.1
229,8,6,8,5,92.2,11.9,16.4,43,4.0,71.3
230,4,4,9,2,92.9,9.2,26.4,21,4.5,88.49
231,1,5,9,6,93.5,8.1,27.8,27,3.1,95.18
232,6,4,9,1,91.0,7.0,18.7,43,2.7,103.39
233,9,4,9,1,84.4,3.2,24.3,36,3.1,105.66
234,4,5,9,5,92.5,8.6,17.7,25,3.1,154.88
235,8,6,8,6,91.4,10.6,19.6,41,5.8,196.48
236,2,2,9,5,92.5,8.6,18.2,46,1.8,200.94
237,1,2,9,1,91.0,7.0,18.8,40,2.2,212.88
238,6,5,9,5,92.5,8.6,25.1,27,4.0,1090.84
239,7,5,4,6,81.9,3.5,13.4,75,1.8,0.0
240,6,3,4,2,88.0,3.8,15.2,51,2.7,0.0
241,4,4,4,4,83.0,2.3,16.7,20,3.1,0.0
242,2,4,8,6,94.2,12.9,15.4,66,4.0,10.13
243,7,4,8,6,91.8,13.8,21.9,73,7.6,0.0
244,2,4,8,6,91.8,13.8,22.4,54,7.6,2.87
245,3,4,8,6,91.8,13.8,26.8,38,6.3,0.76
246,5,4,8,6,91.8,13.8,25.7,39,5.4,0.09
247,2,4,8,2,92.2,9.6,20.7,70,2.2,0.75
248,8,6,8,2,93.1,13.5,28.7,28,2.7,0.0
249,3,4,8,2,93.1,13.5,21.7,40,0.4,2.47
250,8,5,8,2,93.1,13.5,26.8,25,3.1,0.68
251,8,5,8,2,93.1,13.5,24.0,36,3.1,0.24
252,6,5,8,2,93.1,13.5,22.1,37,3.6,0.21
253,7,4,8,3,91.9,8.0,21.4,38,2.7,1.52
254,6,3,8,3,91.6,6.3,18.9,41,3.1,10.34
255,2,5,8,3,87.5,5.0,22.3,46,4.0,0.0
256,8,6,8,5,94.2,11.0,23.9,41,2.2,8.02
257,4,3,8,5,94.2,11.0,21.4,44,2.7,0.68
258,3,4,8,5,91.8,13.7,20.6,59,0.9,0.0
259,7,4,8,5,91.8,13.7,23.7,40,1.8,1.38
260,2,4,8,0,93.6,14.4,28.3,32,4.0,8.85
261,3,4,8,4,91.6,8.9,11.2,84,7.6,3.3
262,2,4,8,4,91.6,8.9,21.4,42,3.1,4.25
263,6,3,8,4,91.1,7.1,19.3,39,3.6,1.56
264,4,4,8,4,94.3,13.0,21.8,53,3.1,6.54
265,4,4,8,1,93.7,14.6,22.1,54,7.6,0.79
266,6,5,8,1,94.3,22.7,19.4,55,4.0,0.17
267,2,2,8,1,92.1,14.3,23.7,24,3.1,0.0
268,3,4,8,1,92.1,14.3,21.0,32,3.1,0.0
269,4,4,8,1,92.1,14.3,19.1,53,2.7,4.4
270,2,2,8,1,92.1,14.3,21.8,56,3.1,0.52
271,8,6,8,1,92.1,14.3,20.1,58,4.5,9.27
272,2,5,8,1,92.1,14.3,20.2,47,4.0,3.09
273,4,6,12,6,84.4,6.8,4.8,57,8.5,8.98
274,8,6,12,2,84.0,5.3,5.1,61,8.0,11.19
275,4,6,12,3,84.6,2.0,5.1,61,4.9,5.38
276,4,4,12,0,85.4,2.6,4.6,21,8.5,17.85
277,3,4,12,0,85.4,2.6,4.6,21,8.5,10.73
278,4,4,12,0,85.4,2.6,4.6,21,8.5,22.03
279,4,4,12,0,85.4,2.6,4.6,21,8.5,9.77
280,4,6,12,4,84.7,4.1,2.2,59,4.9,9.27
281,6,5,12,1,85.4,2.6,5.1,24,8.5,24.77
282,6,3,2,6,84.9,3.4,4.2,51,4.0,0.0
283,3,4,2,2,86.9,3.2,8.8,35,3.1,1.1
284,5,4,2,4,85.2,6.3,7.5,46,8.0,24.24
285,2,5,7,6,93.9,12.3,23.4,40,6.3,0.0
286,7,6,7,2,91.2,12.5,12.6,90,7.6,0.0
287,7,4,7,5,91.6,9.0,22.1,49,2.7,0.0
288,7,4,7,5,91.6,9.0,24.2,32,1.8,0.0
289,7,4,7,5,91.6,9.0,24.3,30,1.8,0.0
290,2,5,7,5,91.6,9.0,18.7,53,1.8,0.0
291,9,4,7,5,91.6,9.0,25.3,39,0.9,8.0
292,4,5,7,4,91.6,6.3,22.9,40,1.3,2.64
293,7,6,7,1,93.1,11.0,26.9,28,5.4,86.45
294,8,6,7,1,92.3,8.5,17.1,67,3.6,6.57
295,7,5,6,6,93.1,11.0,22.2,48,1.3,0.0
296,6,4,6,6,90.4,6.4,14.3,46,1.8,0.9
297,8,6,6,6,90.4,6.4,15.4,45,2.2,0.0
298,8,6,6,2,91.2,12.7,19.6,43,4.9,0.0
299,6,5,6,5,53.4,0.4,10.6,90,2.7,0.0
300,6,5,6,0,90.4,7.5,20.7,25,4.9,0.0
301,6,5,6,0,90.4,7.5,19.1,39,5.4,3.52
302,3,6,6,4,91.1,7.1,19.2,38,4.5,0.0
303,3,6,6,4,91.1,7.1,19.2,38,4.5,0.0
304,6,5,5,5,85.1,3.5,11.3,94,4.9,0.0
305,1,4,9,6,89.6,5.7,19.0,52,2.2,0.0
306,7,4,9,6,89.6,5.7,17.1,53,5.4,0.41
307,3,4,9,6,89.6,5.7,23.8,35,3.6,5.18
308,2,4,9,6,92.4,9.9,16.0,45,1.8,0.0
309,2,4,9,6,92.4,9.9,24.9,27,2.2,0.0
310,7,4,9,6,92.4,9.9,25.3,27,2.7,0.0
311,6,3,9,6,92.4,9.9,24.8,28,1.8,14.29
312,2,4,9,6,50.4,0.4,12.2,78,6.3,0.0
313,6,5,9,2,92.6,8.8,24.3,27,4.9,0.0
314,4,4,9,2,92.6,8.8,19.7,41,1.8,1.58
315,3,4,9,2,91.2,7.2,18.5,30,2.7,0.0
316,4,5,9,3,92.4,8.6,18.6,24,5.8,0.0
317,4,4,9,3,92.4,8.6,19.2,24,4.9,3.78
318,6,5,9,3,92.8,7.5,21.6,27,2.2,0.0
319,5,4,9,3,92.8,7.5,21.6,28,6.3,4.41
320,6,3,9,3,92.8,7.5,18.9,34,7.2,34.36
321,1,4,9,3,92.8,7.5,16.8,28,4.0,7.21
322,6,5,9,3,92.8,7.5,16.8,28,4.0,1.01
323,3,5,9,3,90.7,6.8,12.9,39,2.7,2.18
324,6,5,9,3,88.1,5.4,13.7,56,1.8,4.42
325,1,4,9,5,92.2,8.4,24.2,27,3.1,0.0
326,5,4,9,5,92.2,8.4,24.1,27,3.1,0.0
327,6,5,9,5,92.2,8.4,21.2,32,2.2,0.0
328,6,5,9,5,92.2,8.4,19.7,35,1.8,0.0
329,4,3,9,5,92.2,8.4,23.5,27,4.0,3.33
330,3,3,9,5,92.2,8.4,24.2,27,3.1,6.58
331,7,4,9,5,91.2,8.5,21.5,28,4.5,15.64
332,4,4,9,5,91.2,8.5,17.1,41,2.2,11.22
333,1,4,9,0,92.1,9.5,18.1,54,3.1,2.13
334,2,3,9,0,91.6,6.2,18.0,51,5.4,0.0
335,4,3,9,0,91.6,6.2,9.8,86,1.8,0.0
336,7,4,9,0,91.6,6.2,19.3,44,2.2,0.0
337,6,3,9,0,91.6,6.2,23.0,34,2.2,56.04
338,8,6,9,0,91.6,6.2,22.7,35,2.2,7.48
339,2,4,9,0,91.6,6.2,20.4,41,1.8,1.47
340,2,5,9,0,91.6,6.2,19.3,44,2.2,3.93
341,8,6,9,0,91.9,6.5,15.7,51,2.2,0.0
342,6,3,9,0,91.5,7.5,20.6,37,1.8,0.0
343,8,6,9,0,91.5,7.5,15.9,51,4.5,2.18
344,6,3,9,0,91.5,7.5,12.2,66,4.9,6.1
345,2,2,9,0,91.5,7.5,16.8,43,3.1,5.83
346,1,4,9,0,91.5,7.5,21.3,35,2.2,28.19
347,5,4,9,4,92.1,9.6,10.1,75,3.6,0.0
348,3,4,9,4,92.1,9.6,17.4,57,4.5,0.0
349,5,4,9,4,92.1,9.6,12.8,64,3.6,1.64
350,5,4,9,4,92.1,9.6,10.1,75,3.6,3.71
351,4,4,9,4,92.1,9.6,15.4,53,6.3,7.31
352,7,4,9,4,92.1,9.6,20.6,43,3.6,2.03
353,7,4,9,4,92.1,9.6,19.8,47,2.7,1.72
354,7,4,9,4,92.1,9.6,18.7,50,2.2,5.97
355,4,4,9,4,92.1,9.6,20.8,35,4.9,13.06
356,4,4,9,4,92.1,9.6,20.8,35,4.9,1.26
357,6,3,9,4,92.5,10.2,15.9,55,3.6,0.0
358,6,3,9,4,92.5,10.2,19.7,39,2.7,0.0
359,1,4,9,4,92.5,10.2,21.1,39,2.2,8.12
360,6,5,9,4,92.5,10.2,18.4,42,2.2,1.09
361,4,3,9,4,92.5,10.2,17.3,45,4.0,3.94
362,7,4,9,4,88.2,11.6,15.2,64,3.1,0.52
363,4,3,9,1,91.9,6.5,15.9,53,2.2,2.93
364,6,5,9,1,91.9,6.5,21.1,35,2.7,5.65
365,6,5,9,1,91.9,6.5,19.6,45,3.1,20.03
366,4,5,9,1,91.1,12.5,15.9,38,5.4,1.75
367,4,5,9,1,91.1,12.5,16.4,27,3.6,0.0
368,6,5,9,5,91.2,8.4,16.8,47,4.9,12.64
369,4,5,9,6,91.0,7.1,13.8,77,7.6,0.0
370,7,4,9,6,91.0,7.1,13.8,77,7.6,11.06
371,3,4,7,2,91.9,8.0,14.2,58,4.0,0.0
372,4,5,8,6,92.0,8.1,10.4,75,0.9,0.0
373,5,4,8,3,94.8,13.9,20.3,42,2.7,0.0
374,6,5,9,4,90.3,7.4,10.3,78,4.0,18.3
375,6,5,9,5,91.2,8.4,15.4,57,4.9,39.35
376,8,6,8,0,92.1,8.2,21.1,54,2.2,0.0
377,2,2,8,5,93.7,8.4,21.9,42,2.2,174.63
378,6,5,3,3,90.9,8.0,8.7,51,5.8,0.0
379,4,5,1,6,18.7,0.0,5.2,100,0.9,0.0
380,5,4,7,2,93.7,11.9,19.3,39,7.2,7.73
381,8,6,8,3,90.7,6.8,16.2,63,2.7,16.33
382,8,6,8,2,95.2,18.0,28.2,29,1.8,5.86
383,9,6,8,3,91.6,6.3,20.5,58,2.7,42.87
384,8,4,8,5,91.6,7.7,21.3,44,4.5,12.18
385,2,4,8,6,91.6,7.6,20.9,50,2.2,16.0
386,3,4,9,6,90.5,11.4,20.6,55,5.4,24.59
387,5,5,3,3,90.9,8.0,11.6,48,5.4,0.0
388,6,4,8,4,94.8,12.0,23.3,34,3.1,28.74
389,7,4,8,4,94.8,12.0,23.3,34,3.1,0.0
390,7,4,2,0,84.7,4.1,7.5,71,6.3,9.96
391,8,6,9,4,91.1,7.2,20.7,46,2.7,30.18
392,1,3,9,6,91.0,7.1,21.9,43,4.0,70.76
393,2,4,3,1,93.4,11.4,15.2,19,7.6,0.0
394,6,5,2,0,84.1,2.2,5.3,68,1.8,0.0
395,4,5,2,6,85.0,3.5,10.1,62,1.8,51.78
396,4,3,9,6,90.5,11.4,20.4,55,4.9,3.64
397,5,6,8,6,91.6,7.6,24.3,33,3.6,3.63
398,1,2,8,5,93.7,8.4,25.9,32,3.1,0.0
399,9,5,6,2,93.3,14.0,28.0,34,4.5,0.0
400,9,5,6,2,93.3,14.0,28.0,34,4.5,8.16
401,3,4,9,3,91.1,8.3,22.8,46,4.0,4.95
402,9,9,8,4,94.8,12.0,25.0,36,4.0,0.0
403,8,6,8,3,90.7,6.8,21.3,41,3.6,0.0
404,2,4,9,2,87.9,3.7,21.8,34,2.2,6.04
405,2,2,8,1,94.6,9.5,27.9,27,2.2,0.0
406,6,5,9,5,87.1,4.0,17.0,67,4.9,3.95
407,4,5,2,5,84.7,2.9,14.2,46,4.0,0.0
408,4,3,9,4,90.3,7.4,19.9,44,3.1,7.8
409,1,4,7,1,92.3,12.1,23.4,31,5.4,0.0
410,6,3,2,4,84.1,2.7,14.7,42,2.7,0.0
411,7,4,2,4,84.6,3.3,8.2,53,9.4,4.62
412,9,4,7,0,92.3,9.8,22.8,27,4.5,1.63
413,7,5,8,5,93.7,8.4,26.4,33,3.6,0.0
414,5,4,8,6,93.6,10.1,24.1,50,4.0,0.0
415,8,6,8,3,94.8,13.9,27.5,27,4.9,746.28
416,6,3,7,1,92.7,8.9,26.3,39,3.1,7.02
417,6,5,3,2,93.4,9.9,13.8,24,5.8,0.0
418,2,4,8,6,92.0,8.1,24.9,42,5.4,2.44
419,2,5,8,6,91.6,7.6,24.8,36,4.0,3.05
420,8,8,8,2,91.7,7.8,26.2,36,4.5,185.76
421,2,4,8,2,95.2,18.0,30.8,19,4.5,0.0
422,8,6,7,6,88.9,5.2,29.3,27,3.6,6.3
423,1,3,9,5,91.2,8.4,22.3,48,4.0,0.72
424,8,6,8,5,93.7,8.4,26.9,31,3.6,4.96
425,2,2,8,3,91.6,6.3,20.4,56,2.2,0.0
426,8,6,8,3,91.6,6.3,20.4,56,2.2,0.0
427,2,4,8,0,92.1,8.2,27.9,33,2.2,2.35
428,1,3,8,3,94.8,13.9,26.2,34,5.8,0.0
429,3,4,8,6,91.6,7.6,24.6,44,4.0,3.2
430,7,4,9,3,89.7,6.8,19.4,45,3.6,0.0
431,1,3,8,5,92.1,9.6,23.3,40,4.0,6.36
432,8,6,8,3,94.8,13.9,23.9,38,6.7,0.0
433,2,4,8,6,93.6,10.1,20.9,66,4.9,15.34
434,1,4,8,4,90.6,5.5,22.2,45,3.6,0.0
435,2,5,7,5,90.8,5.6,23.8,51,1.8,0.0
436,8,6,8,0,92.1,8.2,26.8,35,1.3,0.54
437,8,6,8,5,89.4,9.7,14.2,73,2.7,0.0
438,2,5,8,5,93.7,8.4,23.6,53,4.0,6.43
439,1,3,9,4,91.1,7.2,19.1,46,2.2,0.33
440,5,4,9,4,90.3,7.4,16.2,58,3.6,0.0
441,8,6,8,0,92.1,8.2,25.5,29,1.8,1.23
442,6,5,4,0,87.9,3.7,10.9,64,3.1,3.35
443,1,2,7,4,90.7,16.8,14.8,78,8.0,0.0
444,2,5,9,4,90.3,7.4,16.2,58,3.6,9.96
445,5,5,8,6,94.0,10.7,17.3,80,4.5,0.0
446,6,5,8,6,92.0,8.1,19.1,70,2.2,0.0
447,3,4,3,2,93.4,9.9,8.9,35,8.0,0.0
448,7,4,9,2,89.7,10.1,10.5,77,4.0,0.0
449,7,4,8,6,91.6,7.6,19.3,61,4.9,0.0
450,4,5,8,2,95.2,18.0,23.4,49,5.4,6.43
451,1,4,8,4,90.5,16.3,11.8,88,4.9,9.71
452,7,4,8,0,91.5,7.5,17.7,65,4.0,0.0
453,4,5,8,3,89.4,5.6,17.4,54,3.1,0.0
454,3,4,8,3,91.6,6.3,16.8,56,3.1,0.0
455,3,4,7,0,94.6,16.7,17.9,48,2.7,0.0
456,2,4,8,3,91.6,6.3,16.6,59,2.7,0.0
457,1,4,8,2,91.7,7.8,19.9,50,4.0,82.75
458,8,6,8,5,93.7,8.4,18.9,64,4.9,3.32
459,7,4,8,5,91.6,7.7,15.5,72,8.0,1.94
460,2,5,8,5,93.7,8.4,18.9,64,4.9,0.0
461,8,6,8,5,93.7,8.4,18.9,64,4.9,0.0
462,1,4,9,6,91.0,7.1,14.5,76,7.6,3.71
463,6,5,2,1,75.1,1.9,4.6,82,6.3,5.39
464,6,4,2,1,75.1,1.9,5.1,77,5.4,2.14
465,2,2,2,5,79.5,1.8,4.6,59,0.9,6.84
466,6,5,3,0,87.2,7.1,10.2,45,5.8,3.18
467,3,4,3,2,90.2,7.3,11.2,41,5.4,5.55
468,6,5,3,3,91.3,8.5,13.3,27,3.6,6.61
469,6,3,4,6,91.0,12.3,13.7,33,9.4,61.13
470,5,4,4,6,91.0,12.3,17.6,27,5.8,0.0
471,4,3,5,4,89.6,5.7,18.0,40,4.0,38.48
472,8,3,6,0,88.2,4.7,14.3,79,4.0,1.94
473,9,4,6,5,90.5,9.4,24.5,50,3.1,70.32
474,4,3,6,3,93.0,10.8,26.4,35,2.7,10.08
475,2,5,6,3,93.7,18.0,22.7,40,9.4,3.19
476,4,3,7,3,93.5,9.9,27.2,28,1.3,1.76
477,4,3,7,6,93.7,14.7,26.1,45,4.0,7.36
478,7,4,7,6,93.7,14.7,18.2,82,4.5,2.21
479,7,4,7,0,89.2,6.4,22.6,57,4.9,278.53
480,9,9,7,3,93.2,9.5,30.2,25,4.5,2.75
481,4,3,7,3,93.2,9.5,30.2,22,4.9,0.0
482,3,4,8,6,94.9,14.1,23.4,40,5.8,1.29
483,8,6,8,6,94.9,14.1,31.0,27,5.4,0.0
484,2,5,8,6,94.9,14.1,33.1,25,4.0,26.43
485,2,4,8,0,95.0,21.3,30.6,28,3.6,2.07
486,5,4,8,1,95.1,17.7,24.1,43,6.3,2.0
487,5,4,8,1,95.1,17.7,26.4,34,3.6,16.4
488,4,4,8,1,95.1,17.7,19.4,71,7.6,46.7
489,4,4,8,2,95.1,17.7,20.6,58,1.3,0.0
490,4,4,8,2,95.1,17.7,28.7,33,4.0,0.0
491,4,4,8,3,95.8,13.8,32.4,21,4.5,0.0
492,1,3,8,4,95.9,11.3,32.4,27,2.2,0.0
493,1,3,8,4,95.9,11.3,27.5,29,4.5,43.32
494,6,6,8,5,96.0,14.0,30.8,30,4.9,8.59
495,6,6,8,0,96.2,16.8,23.9,42,2.2,0.0
496,4,5,8,0,96.2,16.8,32.6,26,3.1,2.77
497,3,4,8,1,96.1,14.3,32.3,27,2.2,14.68
498,6,5,8,1,96.1,14.3,33.3,26,2.7,40.54
499,7,5,8,1,96.1,14.3,27.3,63,4.9,10.82
500,8,6,8,1,96.1,14.3,21.6,65,4.9,0.0
501,7,5,8,1,96.1,14.3,21.6,65,4.9,0.0
502,4,4,8,1,96.1,14.3,20.7,69,4.9,0.0
503,2,4,8,2,94.5,20.0,29.2,30,4.9,1.95
504,4,3,8,2,94.5,20.0,28.9,29,4.9,49.59
505,1,2,8,3,91.0,10.1,26.7,35,1.8,5.8
506,1,2,8,4,91.0,7.1,18.5,73,8.5,0.0
507,2,4,8,4,91.0,7.1,25.9,41,3.6,0.0
508,1,2,8,4,91.0,7.1,25.9,41,3.6,0.0
509,5,4,8,4,91.0,7.1,21.1,71,7.6,2.17
510,6,5,8,4,91.0,7.1,18.2,62,5.4,0.43
511,8,6,8,6,81.6,1.9,27.8,35,2.7,0.0
512,4,3,8,6,81.6,1.9,27.8,32,2.7,6.44
513,2,4,8,6,81.6,1.9,21.9,71,5.8,54.29
514,7,4,8,6,81.6,1.9,21.2,70,6.7,11.16
515,1,4,8,5,94.4,11.3,25.6,42,4.0,0.0
516,6,3,11,1,79.5,1.1,11.8,31,4.5,0.0
